[
  {
    "code": "JFK",
    "name": "John F. Kennedy International Airport",
    "city": "New York",
    "country": "United States"
  },
  {
    "code": "LAX",
    "name": "Los Angeles International Airport",
    "city": "Los Angeles",
    "country": "United States"
  },
  {
    "code": "LHR",
    "name": "London Heathrow Airport",
    "city": "London",
    "country": "United Kingdom"
  },
  {
    "code": "MIA",
    "name": "Miami International Airport",
    "city": "Miami",
    "country": "United States"
  },
  {
    "code": "BOG",
    "name": "El Dorado International Airport",
    "city": "Bogotá",
    "country": "Colombia"
  },
  {
    "code": "SCL",
    "name": "Arturo Merino Benítez International Airport",
    "city": "Santiago",
    "country": "Chile"
  },
  {
    "code": "LIM",
    "name": "Jorge Chávez International Airport",
    "city": "Lima",
    "country": "Peru"
  },
  {
    "code": "HNL",
    "name": "Daniel K. Inouye International Airport",
    "city": "Honolulu",
    "country": "United States"
  },
  {
    "code": "ORD",
    "name": "O'Hare International Airport",
    "city": "Chicago",
    "country": "United States"
  },
  {
    "code": "DEN",
    "name": "Denver International Airport",
    "city": "Denver",
    "country": "United States"
  },
  {
    "code": "ATL",
    "name": "Hartsfield-Jackson Atlanta International Airport",
    "city": "Atlanta",
    "country": "United States"
  },
  {
    "code": "DFW",
    "name": "Dallas/Fort Worth International Airport",
    "city": "Dallas",
    "country": "United States"
  },
  {
    "code": "SFO",
    "name": "San Francisco International Airport",
    "city": "San Francisco",
    "country": "United States"
  },
  {
    "code": "SEA",
    "name": "Seattle-Tacoma International Airport",
    "city": "Seattle",
    "country": "United States"
  },
  {
    "code": "LAS",
    "name": "Harry Reid International Airport",
    "city": "Las Vegas",
    "country": "United States"
  },
  {
    "code": "MCO",
    "name": "Orlando International Airport",
    "city": "Orlando",
    "country": "United States"
  },
  {
    "code": "EWR",
    "name": "Newark Liberty International Airport",
    "city": "Newark",
    "country": "United States"
  },
  {
    "code": "BOS",
    "name": "Boston Logan International Airport",
    "city": "Boston",
    "country": "United States"
  },
  {
    "code": "PHX",
    "name": "Phoenix Sky Harbor International Airport",
    "city": "Phoenix",
    "country": "United States"
  },
  {
    "code": "IAH",
    "name": "George Bush Intercontinental Airport",
    "city": "Houston",
    "country": "United States"
  },
  {
    "code": "MSP",
    "name": "Minneapolis-St Paul International Airport",
    "city": "Minneapolis",
    "country": "United States"
  },
  {
    "code": "DTW",
    "name": "Detroit Metropolitan Wayne County Airport",
    "city": "Detroit",
    "country": "United States"
  },
  {
    "code": "PHL",
    "name": "Philadelphia International Airport",
    "city": "Philadelphia",
    "country": "United States"
  },
  {
    "code": "LGA",
    "name": "LaGuardia Airport",
    "city": "New York",
    "country": "United States"
  },
  {
    "code": "BWI",
    "name": "Baltimore/Washington International Airport",
    "city": "Baltimore",
    "country": "United States"
  },
  {
    "code": "DCA",
    "name": "Ronald Reagan Washington National Airport",
    "city": "Washington",
    "country": "United States"
  },
  {
    "code": "IAD",
    "name": "Washington Dulles International Airport",
    "city": "Washington",
    "country": "United States"
  },
  {
    "code": "SAN",
    "name": "San Diego International Airport",
    "city": "San Diego",
    "country": "United States"
  },
  {
    "code": "TPA",
    "name": "Tampa International Airport",
    "city": "Tampa",
    "country": "United States"
  },
  {
    "code": "PDX",
    "name": "Portland International Airport",
    "city": "Portland",
    "country": "United States"
  },
  {
    "code": "STL",
    "name": "St. Louis Lambert International Airport",
    "city": "St. Louis",
    "country": "United States"
  },
  {
    "code": "CLT",
    "name": "Charlotte Douglas International Airport",
    "city": "Charlotte",
    "country": "United States"
  },
  {
    "code": "AUS",
    "name": "Austin-Bergstrom International Airport",
    "city": "Austin",
    "country": "United States"
  },
  {
    "code": "NRT",
    "name": "Narita International Airport",
    "city": "Tokyo",
    "country": "Japan"
  },
  {
    "code": "HND",
    "name": "Tokyo Haneda Airport",
    "city": "Tokyo",
    "country": "Japan"
  },
  {
    "code": "CDG",
    "name": "Charles de Gaulle Airport",
    "city": "Paris",
    "country": "France"
  },
  {
    "code": "FRA",
    "name": "Frankfurt Airport",
    "city": "Frankfurt",
    "country": "Germany"
  },
  {
    "code": "AMS",
    "name": "Amsterdam Airport Schiphol",
    "city": "Amsterdam",
    "country": "Netherlands"
  },
  {
    "code": "MAD",
    "name": "Adolfo Suárez Madrid-Barajas Airport",
    "city": "Madrid",
    "country": "Spain"
  },
  {
    "code": "BCN",
    "name": "Barcelona-El Prat Airport",
    "city": "Barcelona",
    "country": "Spain"
  },
  {
    "code": "FCO",
    "name": "Leonardo da Vinci-Fiumicino Airport",
    "city": "Rome",
    "country": "Italy"
  },
  {
    "code": "IST",
    "name": "Istanbul Airport",
    "city": "Istanbul",
    "country": "Turkey"
  },
  {
    "code": "DXB",
    "name": "Dubai International Airport",
    "city": "Dubai",
    "country": "United Arab Emirates"
  },
  {
    "code": "SIN",
    "name": "Singapore Changi Airport",
    "city": "Singapore",
    "country": "Singapore"
  },
  {
    "code": "HKG",
    "name": "Hong Kong International Airport",
    "city": "Hong Kong",
    "country": "Hong Kong"
  },
  {
    "code": "ICN",
    "name": "Incheon International Airport",
    "city": "Seoul",
    "country": "South Korea"
  },
  {
    "code": "PEK",
    "name": "Beijing Capital International Airport",
    "city": "Beijing",
    "country": "China"
  },
  {
    "code": "PVG",
    "name": "Shanghai Pudong International Airport",
    "city": "Shanghai",
    "country": "China"
  },
  {
    "code": "SYD",
    "name": "Sydney Kingsford Smith Airport",
    "city": "Sydney",
    "country": "Australia"
  },
  {
    "code": "MEL",
    "name": "Melbourne Airport",
    "city": "Melbourne",
    "country": "Australia"
  },
  {
    "code": "YYZ",
    "name": "Toronto Pearson International Airport",
    "city": "Toronto",
    "country": "Canada"
  },
  {
    "code": "YVR",
    "name": "Vancouver International Airport",
    "city": "Vancouver",
    "country": "Canada"
  },
  {
    "code": "YUL",
    "name": "Montréal-Pierre Elliott Trudeau International Airport",
    "city": "Montreal",
    "country": "Canada"
  },
  {
    "code": "GRU",
    "name": "São Paulo/Guarulhos International Airport",
    "city": "São Paulo",
    "country": "Brazil"
  },
  {
    "code": "GIG",
    "name": "Rio de Janeiro/Galeão International Airport",
    "city": "Rio de Janeiro",
    "country": "Brazil"
  },
  {
    "code": "MEX",
    "name": "Mexico City International Airport",
    "city": "Mexico City",
    "country": "Mexico"
  },
  {
    "code": "CUN",
    "name": "Cancún International Airport",
    "city": "Cancún",
    "country": "Mexico"
  },
  {
    "code": "PTY",
    "name": "Tocumen International Airport",
    "city": "Panama City",
    "country": "Panama"
  },
  {
    "code": "EZE",
    "name": "Ministro Pistarini International Airport",
    "city": "Buenos Aires",
    "country": "Argentina"
  },
  {
    "code": "MDE",
    "name": "José María Córdova International Airport",
    "city": "Medellín",
    "country": "Colombia"
  },
  {
    "code": "CTG",
    "name": "Rafael Núñez International Airport",
    "city": "Cartagena",
    "country": "Colombia"
  },
  {
    "code": "CLO",
    "name": "Alfonso Bonilla Aragón International Airport",
    "city": "Cali",
    "country": "Colombia"
  },
  {
    "code": "BAQ",
    "name": "Ernesto Cortissoz International Airport",
    "city": "Barranquilla",
    "country": "Colombia"
  },
  {
    "code": "ADZ",
    "name": "Gustavo Rojas Pinilla International Airport",
    "city": "San Andrés",
    "country": "Colombia"
  },
  {
    "code": "PEI",
    "name": "Matecaña International Airport",
    "city": "Pereira",
    "country": "Colombia"
  },
  {
    "code": "MUC",
    "name": "Munich Airport",
    "city": "Munich",
    "country": "Germany"
  },
  {
    "code": "ZRH",
    "name": "Zurich Airport",
    "city": "Zurich",
    "country": "Switzerland"
  },
  {
    "code": "VIE",
    "name": "Vienna International Airport",
    "city": "Vienna",
    "country": "Austria"
  },
  {
    "code": "CPH",
    "name": "Copenhagen Airport",
    "city": "Copenhagen",
    "country": "Denmark"
  },
  {
    "code": "OSL",
    "name": "Oslo Airport",
    "city": "Oslo",
    "country": "Norway"
  },
  {
    "code": "ARN",
    "name": "Stockholm Arlanda Airport",
    "city": "Stockholm",
    "country": "Sweden"
  },
  {
    "code": "HEL",
    "name": "Helsinki-Vantaa Airport",
    "city": "Helsinki",
    "country": "Finland"
  },
  {
    "code": "BRU",
    "name": "Brussels Airport",
    "city": "Brussels",
    "country": "Belgium"
  },
  {
    "code": "LIS",
    "name": "Lisbon Airport",
    "city": "Lisbon",
    "country": "Portugal"
  },
  {
    "code": "OPO",
    "name": "Francisco Sá Carneiro Airport",
    "city": "Porto",
    "country": "Portugal"
  },
  {
    "code": "DUB",
    "name": "Dublin Airport",
    "city": "Dublin",
    "country": "Ireland"
  },
  {
    "code": "MAN",
    "name": "Manchester Airport",
    "city": "Manchester",
    "country": "United Kingdom"
  },
  {
    "code": "EDI",
    "name": "Edinburgh Airport",
    "city": "Edinburgh",
    "country": "United Kingdom"
  },
  {
    "code": "GLA",
    "name": "Glasgow Airport",
    "city": "Glasgow",
    "country": "United Kingdom"
  },
  {
    "code": "BHX",
    "name": "Birmingham Airport",
    "city": "Birmingham",
    "country": "United Kingdom"
  },
  {
    "code": "ATH",
    "name": "Athens International Airport",
    "city": "Athens",
    "country": "Greece"
  },
  {
    "code": "PRG",
    "name": "Václav Havel Airport Prague",
    "city": "Prague",
    "country": "Czech Republic"
  },
  {
    "code": "WAW",
    "name": "Warsaw Chopin Airport",
    "city": "Warsaw",
    "country": "Poland"
  },
  {
    "code": "KRK",
    "name": "John Paul II International Airport Kraków-Balice",
    "city": "Kraków",
    "country": "Poland"
  },
  {
    "code": "BUD",
    "name": "Budapest Ferenc Liszt International Airport",
    "city": "Budapest",
    "country": "Hungary"
  },
  {
    "code": "OTP",
    "name": "Henri Coandă International Airport",
    "city": "Bucharest",
    "country": "Romania"
  },
  {
    "code": "SOF",
    "name": "Sofia Airport",
    "city": "Sofia",
    "country": "Bulgaria"
  },
  {
    "code": "BEG",
    "name": "Belgrade Nikola Tesla Airport",
    "city": "Belgrade",
    "country": "Serbia"
  },
  {
    "code": "ZAG",
    "name": "Zagreb Airport",
    "city": "Zagreb",
    "country": "Croatia"
  },
  {
    "code": "VCE",
    "name": "Venice Marco Polo Airport",
    "city": "Venice",
    "country": "Italy"
  },
  {
    "code": "MXP",
    "name": "Milan Malpensa Airport",
    "city": "Milan",
    "country": "Italy"
  },
  {
    "code": "NAP",
    "name": "Naples International Airport",
    "city": "Naples",
    "country": "Italy"
  },
  {
    "code": "CAI",
    "name": "Cairo International Airport",
    "city": "Cairo",
    "country": "Egypt"
  },
  {
    "code": "JNB",
    "name": "O.R. Tambo International Airport",
    "city": "Johannesburg",
    "country": "South Africa"
  },
  {
    "code": "CPT",
    "name": "Cape Town International Airport",
    "city": "Cape Town",
    "country": "South Africa"
  },
  {
    "code": "DUR",
    "name": "King Shaka International Airport",
    "city": "Durban",
    "country": "South Africa"
  },
  {
    "code": "NBO",
    "name": "Jomo Kenyatta International Airport",
    "city": "Nairobi",
    "country": "Kenya"
  },
  {
    "code": "LOS",
    "name": "Murtala Muhammed International Airport",
    "city": "Lagos",
    "country": "Nigeria"
  },
  {
    "code": "ABV",
    "name": "Nnamdi Azikiwe International Airport",
    "city": "Abuja",
    "country": "Nigeria"
  },
  {
    "code": "ACC",
    "name": "Kotoka International Airport",
    "city": "Accra",
    "country": "Ghana"
  },
  {
    "code": "ADD",
    "name": "Addis Ababa Bole International Airport",
    "city": "Addis Ababa",
    "country": "Ethiopia"
  },
  {
    "code": "CMN",
    "name": "Mohammed V International Airport",
    "city": "Casablanca",
    "country": "Morocco"
  },
  {
    "code": "TUN",
    "name": "Tunis-Carthage International Airport",
    "city": "Tunis",
    "country": "Tunisia"
  },
  {
    "code": "ALG",
    "name": "Houari Boumediene Airport",
    "city": "Algiers",
    "country": "Algeria"
  },
  {
    "code": "DOH",
    "name": "Hamad International Airport",
    "city": "Doha",
    "country": "Qatar"
  },
  {
    "code": "AUH",
    "name": "Abu Dhabi International Airport",
    "city": "Abu Dhabi",
    "country": "United Arab Emirates"
  },
  {
    "code": "KWI",
    "name": "Kuwait International Airport",
    "city": "Kuwait City",
    "country": "Kuwait"
  },
  {
    "code": "BAH",
    "name": "Bahrain International Airport",
    "city": "Manama",
    "country": "Bahrain"
  },
  {
    "code": "MCT",
    "name": "Muscat International Airport",
    "city": "Muscat",
    "country": "Oman"
  },
  {
    "code": "RUH",
    "name": "King Khalid International Airport",
    "city": "Riyadh",
    "country": "Saudi Arabia"
  },
  {
    "code": "JED",
    "name": "King Abdulaziz International Airport",
    "city": "Jeddah",
    "country": "Saudi Arabia"
  },
  {
    "code": "DMM",
    "name": "King Fahd International Airport",
    "city": "Dammam",
    "country": "Saudi Arabia"
  },
  {
    "code": "TLV",
    "name": "Ben Gurion Airport",
    "city": "Tel Aviv",
    "country": "Israel"
  },
  {
    "code": "AMM",
    "name": "Queen Alia International Airport",
    "city": "Amman",
    "country": "Jordan"
  },
  {
    "code": "BEY",
    "name": "Rafic Hariri International Airport",
    "city": "Beirut",
    "country": "Lebanon"
  },
  {
    "code": "BKK",
    "name": "Suvarnabhumi Airport",
    "city": "Bangkok",
    "country": "Thailand"
  },
  {
    "code": "DMK",
    "name": "Don Mueang International Airport",
    "city": "Bangkok",
    "country": "Thailand"
  },
  {
    "code": "CNX",
    "name": "Chiang Mai International Airport",
    "city": "Chiang Mai",
    "country": "Thailand"
  },
  {
    "code": "HKT",
    "name": "Phuket International Airport",
    "city": "Phuket",
    "country": "Thailand"
  },
  {
    "code": "KUL",
    "name": "Kuala Lumpur International Airport",
    "city": "Kuala Lumpur",
    "country": "Malaysia"
  },
  {
    "code": "PEN",
    "name": "Penang International Airport",
    "city": "Penang",
    "country": "Malaysia"
  },
  {
    "code": "CGK",
    "name": "Soekarno-Hatta International Airport",
    "city": "Jakarta",
    "country": "Indonesia"
  },
  {
    "code": "DPS",
    "name": "Ngurah Rai International Airport",
    "city": "Bali",
    "country": "Indonesia"
  },
  {
    "code": "SUB",
    "name": "Juanda International Airport",
    "city": "Surabaya",
    "country": "Indonesia"
  },
  {
    "code": "MNL",
    "name": "Ninoy Aquino International Airport",
    "city": "Manila",
    "country": "Philippines"
  },
  {
    "code": "CEB",
    "name": "Mactan-Cebu International Airport",
    "city": "Cebu",
    "country": "Philippines"
  },
  {
    "code": "DEL",
    "name": "Indira Gandhi International Airport",
    "city": "Delhi",
    "country": "India"
  },
  {
    "code": "BOM",
    "name": "Chhatrapati Shivaji Maharaj International Airport",
    "city": "Mumbai",
    "country": "India"
  },
  {
    "code": "BLR",
    "name": "Kempegowda International Airport",
    "city": "Bangalore",
    "country": "India"
  },
  {
    "code": "HYD",
    "name": "Rajiv Gandhi International Airport",
    "city": "Hyderabad",
    "country": "India"
  },
  {
    "code": "MAA",
    "name": "Chennai International Airport",
    "city": "Chennai",
    "country": "India"
  },
  {
    "code": "CCU",
    "name": "Netaji Subhas Chandra Bose International Airport",
    "city": "Kolkata",
    "country": "India"
  },
  {
    "code": "GOI",
    "name": "Goa International Airport",
    "city": "Goa",
    "country": "India"
  },
  {
    "code": "CMB",
    "name": "Bandaranaike International Airport",
    "city": "Colombo",
    "country": "Sri Lanka"
  },
  {
    "code": "DAC",
    "name": "Hazrat Shahjalal International Airport",
    "city": "Dhaka",
    "country": "Bangladesh"
  },
  {
    "code": "KTM",
    "name": "Tribhuvan International Airport",
    "city": "Kathmandu",
    "country": "Nepal"
  },
  {
    "code": "KIX",
    "name": "Kansai International Airport",
    "city": "Osaka",
    "country": "Japan"
  },
  {
    "code": "FUK",
    "name": "Fukuoka Airport",
    "city": "Fukuoka",
    "country": "Japan"
  },
  {
    "code": "CTS",
    "name": "New Chitose Airport",
    "city": "Sapporo",
    "country": "Japan"
  },
  {
    "code": "CAN",
    "name": "Guangzhou Baiyun International Airport",
    "city": "Guangzhou",
    "country": "China"
  },
  {
    "code": "CTU",
    "name": "Chengdu Shuangliu International Airport",
    "city": "Chengdu",
    "country": "China"
  },
  {
    "code": "SZX",
    "name": "Shenzhen Bao'an International Airport",
    "city": "Shenzhen",
    "country": "China"
  },
  {
    "code": "XIY",
    "name": "Xi'an Xianyang International Airport",
    "city": "Xi'an",
    "country": "China"
  },
  {
    "code": "TPE",
    "name": "Taiwan Taoyuan International Airport",
    "city": "Taipei",
    "country": "Taiwan"
  },
  {
    "code": "SGN",
    "name": "Tan Son Nhat International Airport",
    "city": "Ho Chi Minh City",
    "country": "Vietnam"
  },
  {
    "code": "HAN",
    "name": "Noi Bai International Airport",
    "city": "Hanoi",
    "country": "Vietnam"
  },
  {
    "code": "RGN",
    "name": "Yangon International Airport",
    "city": "Yangon",
    "country": "Myanmar"
  },
  {
    "code": "PNH",
    "name": "Phnom Penh International Airport",
    "city": "Phnom Penh",
    "country": "Cambodia"
  },
  {
    "code": "VTE",
    "name": "Wattay International Airport",
    "city": "Vientiane",
    "country": "Laos"
  },
  {
    "code": "BNE",
    "name": "Brisbane Airport",
    "city": "Brisbane",
    "country": "Australia"
  },
  {
    "code": "PER",
    "name": "Perth Airport",
    "city": "Perth",
    "country": "Australia"
  },
  {
    "code": "ADL",
    "name": "Adelaide Airport",
    "city": "Adelaide",
    "country": "Australia"
  },
  {
    "code": "AKL",
    "name": "Auckland Airport",
    "city": "Auckland",
    "country": "New Zealand"
  },
  {
    "code": "WLG",
    "name": "Wellington International Airport",
    "city": "Wellington",
    "country": "New Zealand"
  },
  {
    "code": "CHC",
    "name": "Christchurch International Airport",
    "city": "Christchurch",
    "country": "New Zealand"
  },
  {
    "code": "YYC",
    "name": "Calgary International Airport",
    "city": "Calgary",
    "country": "Canada"
  },
  {
    "code": "YEG",
    "name": "Edmonton International Airport",
    "city": "Edmonton",
    "country": "Canada"
  },
  {
    "code": "YOW",
    "name": "Ottawa Macdonald-Cartier International Airport",
    "city": "Ottawa",
    "country": "Canada"
  },
  {
    "code": "YHZ",
    "name": "Halifax Stanfield International Airport",
    "city": "Halifax",
    "country": "Canada"
  },
  {
    "code": "YWG",
    "name": "Winnipeg Richardson International Airport",
    "city": "Winnipeg",
    "country": "Canada"
  },
  {
    "code": "BSB",
    "name": "Brasília International Airport",
    "city": "Brasília",
    "country": "Brazil"
  },
  {
    "code": "FOR",
    "name": "Pinto Martins International Airport",
    "city": "Fortaleza",
    "country": "Brazil"
  },
  {
    "code": "REC",
    "name": "Recife/Guararapes International Airport",
    "city": "Recife",
    "country": "Brazil"
  },
  {
    "code": "SSA",
    "name": "Salvador Deputado Luís Eduardo Magalhães International Airport",
    "city": "Salvador",
    "country": "Brazil"
  },
  {
    "code": "CWB",
    "name": "Afonso Pena International Airport",
    "city": "Curitiba",
    "country": "Brazil"
  },
  {
    "code": "POA",
    "name": "Porto Alegre Airport",
    "city": "Porto Alegre",
    "country": "Brazil"
  },
  {
    "code": "UIO",
    "name": "Mariscal Sucre International Airport",
    "city": "Quito",
    "country": "Ecuador"
  },
  {
    "code": "GYE",
    "name": "José Joaquín de Olmedo International Airport",
    "city": "Guayaquil",
    "country": "Ecuador"
  },
  {
    "code": "CCS",
    "name": "Simón Bolívar International Airport",
    "city": "Caracas",
    "country": "Venezuela"
  },
  {
    "code": "COR",
    "name": "Ingeniero Ambrosio Taravella International Airport",
    "city": "Córdoba",
    "country": "Argentina"
  },
  {
    "code": "MDZ",
    "name": "Governor Francisco Gabrielli International Airport",
    "city": "Mendoza",
    "country": "Argentina"
  },
  {
    "code": "MVD",
    "name": "Carrasco International Airport",
    "city": "Montevideo",
    "country": "Uruguay"
  },
  {
    "code": "ASU",
    "name": "Silvio Pettirossi International Airport",
    "city": "Asunción",
    "country": "Paraguay"
  },
  {
    "code": "LPB",
    "name": "El Alto International Airport",
    "city": "La Paz",
    "country": "Bolivia"
  },
  {
    "code": "VVI",
    "name": "Viru Viru International Airport",
    "city": "Santa Cruz",
    "country": "Bolivia"
  },
  {
    "code": "GDL",
    "name": "Miguel Hidalgo y Costilla Guadalajara International Airport",
    "city": "Guadalajara",
    "country": "Mexico"
  },
  {
    "code": "MTY",
    "name": "Monterrey International Airport",
    "city": "Monterrey",
    "country": "Mexico"
  },
  {
    "code": "TIJ",
    "name": "Tijuana International Airport",
    "city": "Tijuana",
    "country": "Mexico"
  },
  {
    "code": "SJD",
    "name": "Los Cabos International Airport",
    "city": "Los Cabos",
    "country": "Mexico"
  },
  {
    "code": "PVR",
    "name": "Licenciado Gustavo Díaz Ordaz International Airport",
    "city": "Puerto Vallarta",
    "country": "Mexico"
  },
  {
    "code": "SJO",
    "name": "Juan Santamaría International Airport",
    "city": "San José",
    "country": "Costa Rica"
  },
  {
    "code": "LIR",
    "name": "Daniel Oduber Quirós International Airport",
    "city": "Liberia",
    "country": "Costa Rica"
  },
  {
    "code": "SAL",
    "name": "Monseñor Óscar Arnulfo Romero International Airport",
    "city": "San Salvador",
    "country": "El Salvador"
  },
  {
    "code": "GUA",
    "name": "La Aurora International Airport",
    "city": "Guatemala City",
    "country": "Guatemala"
  },
  {
    "code": "TGU",
    "name": "Toncontín International Airport",
    "city": "Tegucigalpa",
    "country": "Honduras"
  },
  {
    "code": "MGA",
    "name": "Augusto C. Sandino International Airport",
    "city": "Managua",
    "country": "Nicaragua"
  },
  {
    "code": "HAV",
    "name": "José Martí International Airport",
    "city": "Havana",
    "country": "Cuba"
  },
  {
    "code": "SJU",
    "name": "Luis Muñoz Marín International Airport",
    "city": "San Juan",
    "country": "Puerto Rico"
  },
  {
    "code": "SDQ",
    "name": "Las Américas International Airport",
    "city": "Santo Domingo",
    "country": "Dominican Republic"
  },
  {
    "code": "PUJ",
    "name": "Punta Cana International Airport",
    "city": "Punta Cana",
    "country": "Dominican Republic"
  },
  {
    "code": "MBJ",
    "name": "Sangster International Airport",
    "city": "Montego Bay",
    "country": "Jamaica"
  },
  {
    "code": "KIN",
    "name": "Norman Manley International Airport",
    "city": "Kingston",
    "country": "Jamaica"
  },
  {
    "code": "NAS",
    "name": "Lynden Pindling International Airport",
    "city": "Nassau",
    "country": "Bahamas"
  },
  {
    "code": "BGI",
    "name": "Grantley Adams International Airport",
    "city": "Bridgetown",
    "country": "Barbados"
  },
  {
    "code": "AUA",
    "name": "Queen Beatrix International Airport",
    "city": "Aruba",
    "country": "Aruba"
  },
  {
    "code": "CUR",
    "name": "Curaçao International Airport",
    "city": "Willemstad",
    "country": "Curaçao"
  }
]
